<beans:beans xmlns="http://www.springframework.org/schema/security"
	xmlns:beans="http://www.springframework.org/schema/beans" 
	xmlns:xsi="http://www.w3.org/2001/XMLSchema-instance"
	xsi:schemaLocation="
    http://www.springframework.org/schema/beans
    http://www.springframework.org/schema/beans/spring-beans.xsd
    http://www.springframework.org/schema/security
    http://www.springframework.org/schema/security/spring-security.xsd">

	<!-- No security for static resources -->
	<http pattern="/resources/**" security="none" />

	<!-- Security for the rest of my mappings -->
	<http>
		<intercept-url pattern="/admin/**" access="hasAuthority('admin')" />
		<intercept-url pattern="/customer/**" access="hasAuthority('customer')" />
		<intercept-url pattern="/supplier/**" access="hasAuthority('supplier')" />
		<intercept-url pattern="/**" access="permitAll" />
		<form-login login-page="/login" default-target-url="/"
			authentication-failure-url="/login?error" />
			<csrf disabled="true" />
			<logout logout-success-url="/home"/>
	</http>

	<authentication-manager>
		<authentication-provider>
			<jdbc-user-service data-source-ref="dataSource"
				users-by-username-query="SELECT email, password, enabled FROM user WHERE email = ?"
				authorities-by-username-query="SELECT email, role FROM user WHERE email = ?" />
			
		</authentication-provider>
	</authentication-manager>




</beans:beans>